{
  "name": "#LINKED_SERVICE_NAME#",
  "type": "Microsoft.Synapse/workspaces/linkedservices",
  "properties": {
    "annotations": [],
    "type": "CognitiveService",
    "typeProperties": {
      "subscriptionId": "#SUBSCRIPTION_ID#",
      "resourceGroup": "#RESOURCE_GROUP_NAME#",
      "csName": "#COGNITIVE_SERVICE_NAME#",
      "csKind": "CognitiveServices",
      "csLocation": "southeastasia",
      "endPoint": "https://#COGNITIVE_SERVICE_NAME#.cognitiveservices.azure.com/",
      "csKey": {
        "type": "AzureKeyVaultSecret",
        "store": {
          "referenceName": "KeyVault",
          "type": "LinkedServiceReference"
        },
        "secretName": "CognitiveKey"
      }
    },
    "connectVia": {
      "referenceName": "AutoResolveIntegrationRuntime",
      "type": "IntegrationRuntimeReference"
    }
  }
}