{
  "name": "#LINKED_SERVICE_NAME#",
  "type": "Microsoft.Synapse/workspaces/linkedservices",
  "properties": {
    "annotations": [],
    "type": "RestService",
    "typeProperties": {
      "url": "https://#COGNITIVE_SERVICE_NAME#.cognitiveservices.azure.com/",
      "enableServerCertificateValidation": true,
      "authenticationType": "Anonymous"
    },
    "connectVia": {
      "referenceName": "AutoResolveIntegrationRuntime",
      "type": "IntegrationRuntimeReference"
    }
  }
}