{
    "name":"#NOTEBOOK_NAME#",
    "properties":{
       "nbformat":4,
       "nbformat_minor":2,
       "bigDataPool":{
          "referenceName":"#SPARK_POOL_NAME#",
          "type":"BigDataPoolReference"
       },
       "sessionProperties":{
          "driverMemory":"28g",
          "driverCores":4,
          "executorMemory":"28g",
          "executorCores":4,
          "numExecutors":2
       },
       "metadata":{
          "language_info":{
             "name":"python"
          },
          "a365ComputeOptions":{
             "id":"/subscriptions/#SUBSCRIPTION_ID#/resourceGroups/#RESOURCE_GROUP_NAME#/providers/Microsoft.Synapse/workspaces/#WORKSPACE_NAME#/bigDataPools/#SPARK_POOL_NAME#",
             "name":"#SPARK_POOL_NAME#",
             "type":"Spark",
             "endpoint":"https://#WORKSPACE_NAME#.dev.azuresynapse.net/livyApi/versions/2019-11-01-preview/sparkPools/#SPARK_POOL_NAME#",
             "auth":{
                "type":"AAD",
                "authResource":"https://dev.azuresynapse.net"
             },
             "sparkVersion":"2.4",
             "nodeCount":3,
             "cores":4,
             "memory":28,
             "extraHeader":{
 
             }
          },
          "sessionKeepAliveTimeout":60
       },
       "cells":[
       ]
    }
 }