{
  "values": {
    "dataflows": [
      {
        "ResourceName": "EnrichCustomerData"
      }
    ],
    "datasets": [
      {
        "ResourceName": "external_postalcode_adls"
      },
      {
        "ResourceName": "staging_enrichedcustomer_adls"
      },
      {
        "ResourceName": "wwi_dimcity_adls"
      },
      {
        "ResourceName": "wwi_dimcustomer_adls"
      },
      {
        "ResourceName": "wwi_dimdate_adls"
      },
      {
        "ResourceName": "wwi_dimemployee_adls"
      },
      {
        "ResourceName": "wwi_dimpaymentmethod_adls"
      },
      {
        "ResourceName": "wwi_dimstockitem_adls"
      },
      {
        "ResourceName": "wwi_dimsupplier_adls"
      },
      {
        "ResourceName": "wwi_dimtransactiontype_adls"
      },
      {
        "ResourceName": "wwi_factmovement_adls"
      },
      {
        "ResourceName": "wwi_factpurchase_adls"
      },
      {
        "ResourceName": "wwi_factsale_adls"
      },
      {
        "ResourceName": "wwi_factsale_big_1_adls"
      },
      {
        "ResourceName": "wwi_factsale_big_2_adls"
      },
      {
        "ResourceName": "wwi_factsale_big_3_adls"
      },
      {
        "ResourceName": "wwi_factsale_big_4_adls"
      },
      {
        "ResourceName": "wwi_factstockholding_adls"
      },
      {
        "ResourceName": "wwi_facttransaction_adls"
      },
      {
        "ResourceName": "wwi_dimcity_asa"
      },
      {
        "ResourceName": "wwi_dimcustomer_asa"
      },
      {
        "ResourceName": "wwi_dimdate_asa"
      },
      {
        "ResourceName": "wwi_dimemployee_asa"
      },
      {
        "ResourceName": "wwi_dimpaymentmethod_asa"
      },
      {
        "ResourceName": "wwi_dimstockitem_asa"
      },
      {
        "ResourceName": "wwi_dimsupplier_asa"
      },
      {
        "ResourceName": "wwi_dimtransactiontype_asa"
      },
      {
        "ResourceName": "wwi_factmovement_asa"
      },
      {
        "ResourceName": "wwi_factorder_asa"
      },
      {
        "ResourceName": "wwi_factpurchase_asa"
      },
      {
        "ResourceName": "wwi_factsale_asa"
      },
      {
        "ResourceName": "wwi_factstockholding_asa"
      },
      {
        "ResourceName": "wwi_facttransaction_asa"
      },
      {
        "ResourceName": "wwi_perf_factsale_fast_asa"
      },
      {
        "ResourceName": "wwi_perf_factsale_slow_asa"
      },
      {
        "ResourceName": "wwi_staging_dimcustomer_asa"
      },
      {
        "ResourceName": "wwi_staging_enrichedcustomer_asa"
      },
      {
        "ResourceName": "wwi_dimtransactiontype_asa"
      },
      {
        "ResourceName": "wwi_dimtransactiontype_asa"
      },
      {
        "ResourceName": "wwi_dimtransactiontype_asa"
      },
      {
        "ResourceName": "wwi_dimtransactiontype_asa"
      },
      {
        "ResourceName": "wwi_dimtransactiontype_asa"
      }
    ],
    "sqlscripts": [
      {
        "ResourceName": "Exercise 1 - Read with SQL on-demand"
      },
      {
        "ResourceName": "Exercise 4 - Analyze Transactions"
      },
      {
        "ResourceName": "Exercise 4 - Investigate query performance"
      },
      {
        "ResourceName": "Exercise 5 - Create Sample Data for Predict"
      },
      {
        "ResourceName": "Exercise 5 - Predict with model"
      },
      {
        "ResourceName": "Exercise 5 - Register model"
      },
      {
        "ResourceName": "SQL script 1"
      },
      {
        "ResourceName": "SQL script 2"
      },
      {
        "ResourceName": "SQL script 3"
      },
      {
        "ResourceName": "SQL script 4"
      },
      {
        "ResourceName": "WWI-Reset-SQLPoolSchema"
      }
    ],
    "notebooks": [     
      {
        "ResourceName": "Exercise 2 - Bonus Notebook with CSharp"
      },     
      {
        "ResourceName": "Exercise 5 - Model Training"
      },
      {
        "ResourceName": "Setup - Export Sales to Data Lake"
      }
    ],
    "pipelines": [
      {
        "ResourceName": "Exercise 2 - Enrich Data"
      },
      {
        "ResourceName": "Import WWI Data - Fact Sale Full"
      },
      {
        "ResourceName": "Import WWI Data"
      },
      {
        "ResourceName": "Import WWI Perf Data - Fact Sale Fast"
      },
      {
        "ResourceName": "Import WWI Perf Data - Fact Sale Slow"
      }
    ],
    "linkedservices": [
      {
        "ResourceName": "asadatalake01"
      },
      {
        "ResourceName": "asastore01"
      },
      {
        "ResourceName": "PowerBIWorkspace"
      },
      {
        "ResourceName": "sqlpool01"
      }
    ]
  }
}
