{
  "values": [
    {
      "ResourceName": "wwi_perf.FactSale_Slow",
      "Count": 83449830
    },
    {
      "ResourceName": "wwi_perf.FactSale_Fast",
      "Count": 83449830
    },
    {
      "ResourceName": "wwi.DimCity",
      "Count": 116295
    },
    {
      "ResourceName": "wwi.DimEmployee",
      "Count": 213
    },
    {
      "ResourceName": "wwi.DimPaymentMethod",
      "Count": 6
    },
    {
      "ResourceName": "wwi.DimStockItem",
      "Count": 672
    },
    {
      "ResourceName": "wwi.DimSupplier",
      "Count": 28
    },
    {
      "ResourceName": "wwi.DimTransactionType",
      "Count": 15
    },
    {
      "ResourceName": "wwi.FactMovement",
      "Count": 236667
    },
    {
      "ResourceName": "wwi.FactOrder",
      "Count": 231412
    },
    {
      "ResourceName": "wwi.FactPurchase",
      "Count": 8367
    },
    {
      "ResourceName": "wwi.FactSale",
      "Count": 12228005
    },
    {
      "ResourceName": "wwi.FactStockHolding",
      "Count": 227
    },
    {
      "ResourceName": "wwi.FactTransaction",
      "Count": 99585
    },
    {
      "ResourceName": "wwi.DimCustomer",
      "Count": 403
    },
    {
      "ResourceName": "wwi.DimDate",
      "Count": 1827
    }
  ]
}