{
  "TemplatePath": "\\files\\Templates\\",
  "DatasetsPath": "\\files\\Datasets\\",
  "PipelinesPath": "",
  "SQLScriptPath": "",
  //MUST BE IN FOLDER REQUIRED FIELD
  "WorkSpaceName": "asaworkspace", //Auto Script Appending DeploymentID
  "DataLakeAccountName": "asadatalake", //Auto Script Appending DeploymentID
  "BlobStorageAccountName": "asastore", //Auto Script Appending DeploymentID
  "SqlPoolName": "SQLPool01",
  "SparkPoolName": "SparkPool01",
  "SQLDatabaseName": "SQLPool01",
  "SQLDatabasepassword": "password.1!!",
  "SQLAdminUserName": "asa.sql.admin",
  "IntegrationRuntimeName": "",
  "ResourceGroupName": "Synapse-AIAD-", //Auto Script Appending DeploymentID,
  "EmailAlert": {
    "SMTPURL": "smtp.office365.com",
    "SMTPPort": "587",
    "SenderEmail": "aiad-notify@cloudlabs.ai",
    "Password": "Voga0804",
    "ReceipientEmail": "cloudlabs-support@spektrasystems.com"
  },
  "KeyVaultName": "keyvault-",
  "CognitiveServiceName": "cogs-"
}