{
    "name": "wwi_dimstockitem_adls",
    "properties": {
        "linkedServiceName": {
            "referenceName": "asadatalake01",
            "type": "LinkedServiceReference"
        },
        "annotations": [],
        "type": "DelimitedText",
        "typeProperties": {
            "location": {
                "type": "AzureBlobFSLocation",
                "fileName": "wwi-dimstockitem.csv",
                "folderPath": "bronze",
                "fileSystem": "dev"
            },
            "columnDelimiter": "|",
            "escapeChar": "\\",
            "firstRowAsHeader": true,
            "quoteChar": ""
        },
        "schema": [
            {
                "name": "Stock Item Key",
                "type": "String"
            },
            {
                "name": "WWI Stock Item ID",
                "type": "String"
            },
            {
                "name": "Stock Item",
                "type": "String"
            },
            {
                "name": "Color",
                "type": "String"
            },
            {
                "name": "Selling Package",
                "type": "String"
            },
            {
                "name": "Buying Package",
                "type": "String"
            },
            {
                "name": "Brand",
                "type": "String"
            },
            {
                "name": "Size",
                "type": "String"
            },
            {
                "name": "Lead Time Days",
                "type": "String"
            },
            {
                "name": "Quantity Per Outer",
                "type": "String"
            },
            {
                "name": "Is Chiller Stock",
                "type": "String"
            },
            {
                "name": "Barcode",
                "type": "String"
            },
            {
                "name": "Tax Rate",
                "type": "String"
            },
            {
                "name": "Unit Price",
                "type": "String"
            },
            {
                "name": "Recommended Retail Price",
                "type": "String"
            },
            {
                "name": "Typical Weight Per Unit",
                "type": "String"
            },
            {
                "name": "Valid From",
                "type": "String"
            },
            {
                "name": "Valid To",
                "type": "String"
            },
            {
                "name": "Lineage Key",
                "type": "String"
            }
        ]
    },
    "type": "Microsoft.Synapse/workspaces/datasets"
}