{
    "name": "wwi_factsale_adls",
    "properties": {
        "linkedServiceName": {
            "referenceName": "asadatalake01",
            "type": "LinkedServiceReference"
        },
        "annotations": [],
        "type": "DelimitedText",
        "typeProperties": {
            "location": {
                "type": "AzureBlobFSLocation",
                "fileName": "wwi-factsale.csv",
                "folderPath": "bronze",
                "fileSystem": "dev"
            },
            "columnDelimiter": "|",
            "escapeChar": "\\",
            "firstRowAsHeader": true,
            "quoteChar": ""
        },
        "schema": [
            {
                "name": "Sale Key",
                "type": "String"
            },
            {
                "name": "City Key",
                "type": "String"
            },
            {
                "name": "Customer Key",
                "type": "String"
            },
            {
                "name": "Bill To Customer Key",
                "type": "String"
            },
            {
                "name": "Stock Item Key",
                "type": "String"
            },
            {
                "name": "Invoice Date Key",
                "type": "String"
            },
            {
                "name": "Delivery Date Key",
                "type": "String"
            },
            {
                "name": "Salesperson Key",
                "type": "String"
            },
            {
                "name": "WWI Invoice ID",
                "type": "String"
            },
            {
                "name": "Description",
                "type": "String"
            },
            {
                "name": "Package",
                "type": "String"
            },
            {
                "name": "Quantity",
                "type": "String"
            },
            {
                "name": "Unit Price",
                "type": "String"
            },
            {
                "name": "Tax Rate",
                "type": "String"
            },
            {
                "name": "Total Excluding Tax",
                "type": "String"
            },
            {
                "name": "Tax Amount",
                "type": "String"
            },
            {
                "name": "Profit",
                "type": "String"
            },
            {
                "name": "Total Including Tax",
                "type": "String"
            },
            {
                "name": "Total Dry Items",
                "type": "String"
            },
            {
                "name": "Total Chiller Items",
                "type": "String"
            },
            {
                "name": "Lineage Key",
                "type": "String"
            }
        ]
    },
    "type": "Microsoft.Synapse/workspaces/datasets"
}