{
    "name": "wwi_dimdate_adls",
    "properties": {
        "linkedServiceName": {
            "referenceName": "asadatalake01",
            "type": "LinkedServiceReference"
        },
        "annotations": [],
        "type": "DelimitedText",
        "typeProperties": {
            "location": {
                "type": "AzureBlobFSLocation",
                "fileName": "wwi-dimdate.csv",
                "folderPath": "bronze",
                "fileSystem": "dev"
            },
            "columnDelimiter": "|",
            "escapeChar": "\\",
            "firstRowAsHeader": true,
            "quoteChar": ""
        },
        "schema": [
            {
                "name": "Date",
                "type": "String"
            },
            {
                "name": "Day Number",
                "type": "String"
            },
            {
                "name": "Day",
                "type": "String"
            },
            {
                "name": "Month",
                "type": "String"
            },
            {
                "name": "Short Month",
                "type": "String"
            },
            {
                "name": "Calendar Month Number",
                "type": "String"
            },
            {
                "name": "Calendar Month Label",
                "type": "String"
            },
            {
                "name": "Calendar Year",
                "type": "String"
            },
            {
                "name": "Calendar Year Label",
                "type": "String"
            },
            {
                "name": "Fiscal Month Number",
                "type": "String"
            },
            {
                "name": "Fiscal Month Label",
                "type": "String"
            },
            {
                "name": "Fiscal Year",
                "type": "String"
            },
            {
                "name": "Fiscal Year Label",
                "type": "String"
            },
            {
                "name": "ISO Week Number",
                "type": "String"
            }
        ]
    },
    "type": "Microsoft.Synapse/workspaces/datasets"
}