{
    "name": "wwi_dimcity_adls",
    "properties": {
        "linkedServiceName": {
            "referenceName": "asadatalake01",
            "type": "LinkedServiceReference"
        },
        "annotations": [],
        "type": "DelimitedText",
        "typeProperties": {
            "location": {
                "type": "AzureBlobFSLocation",
                "fileName": "wwi-dimcity.csv",
                "folderPath": "bronze",
                "fileSystem": "dev"
            },
            "columnDelimiter": "|",
            "escapeChar": "\\",
            "firstRowAsHeader": true,
            "quoteChar": ""
        },
        "schema": [
            {
                "name": "City Key",
                "type": "String"
            },
            {
                "name": "WWI City ID",
                "type": "String"
            },
            {
                "name": "City",
                "type": "String"
            },
            {
                "name": "State Province",
                "type": "String"
            },
            {
                "name": "Country",
                "type": "String"
            },
            {
                "name": "Continent",
                "type": "String"
            },
            {
                "name": "Sales Territory",
                "type": "String"
            },
            {
                "name": "Region",
                "type": "String"
            },
            {
                "name": "Subregion",
                "type": "String"
            },
            {
                "name": "Latest Recorded Population",
                "type": "String"
            },
            {
                "name": "Valid From",
                "type": "String"
            },
            {
                "name": "Valid To",
                "type": "String"
            },
            {
                "name": "Lineage Key",
                "type": "String"
            }
        ]
    },
    "type": "Microsoft.Synapse/workspaces/datasets"
}