{
    "name": "wwi_factstockholding_adls",
    "properties": {
        "linkedServiceName": {
            "referenceName": "asadatalake01",
            "type": "LinkedServiceReference"
        },
        "annotations": [],
        "type": "DelimitedText",
        "typeProperties": {
            "location": {
                "type": "AzureBlobFSLocation",
                "fileName": "wwi-factstockholding.csv",
                "folderPath": "bronze",
                "fileSystem": "dev"
            },
            "columnDelimiter": "|",
            "escapeChar": "\\",
            "firstRowAsHeader": true,
            "quoteChar": ""
        },
        "schema": [
            {
                "name": "Stock Holding Key|Stock Item Key|Quantity On Hand|Bin Location|Last Stocktake Quantity|Last Cost Price|Reorder Level|Target Stock Level|Lineage Key",
                "type": "String"
            }
        ]
    },
    "type": "Microsoft.Synapse/workspaces/datasets"
}